period_start,period_end,intensity_forecast,intensity_actual,intensity_index
2026-07-17T00:00:00Z,2026-07-17T00:30:00Z,237,230,very high
2026-07-17T00:30:00Z,2026-07-17T01:00:00Z,234,231,very high
2026-07-17T01:00:00Z,2026-07-17T01:30:00Z,232,229,high
2026-07-17T01:30:00Z,2026-07-17T02:00:00Z,229,228,high
2026-07-17T02:00:00Z,2026-07-17T02:30:00Z,227,229,high
2026-07-17T02:30:00Z,2026-07-17T03:00:00Z,222,232,very high
2026-07-17T03:00:00Z,2026-07-17T03:30:00Z,229,233,very high
2026-07-17T03:30:00Z,2026-07-17T04:00:00Z,231,231,very high
2026-07-17T04:00:00Z,2026-07-17T04:30:00Z,233,228,high
2026-07-17T04:30:00Z,2026-07-17T05:00:00Z,235,220,high
2026-07-17T05:00:00Z,2026-07-17T05:30:00Z,228,216,high
2026-07-17T05:30:00Z,2026-07-17T06:00:00Z,225,208,high
2026-07-17T06:00:00Z,2026-07-17T06:30:00Z,214,200,high
2026-07-17T06:30:00Z,2026-07-17T07:00:00Z,210,178,high
2026-07-17T07:00:00Z,2026-07-17T07:30:00Z,190,158,moderate
2026-07-17T07:30:00Z,2026-07-17T08:00:00Z,167,133,moderate
2026-07-17T08:00:00Z,2026-07-17T08:30:00Z,140,119,moderate
2026-07-17T08:30:00Z,2026-07-17T09:00:00Z,120,106,moderate
2026-07-17T09:00:00Z,2026-07-17T09:30:00Z,115,99,moderate
2026-07-17T09:30:00Z,2026-07-17T10:00:00Z,98,96,moderate
2026-07-17T10:00:00Z,2026-07-17T10:30:00Z,94,88,low
2026-07-17T10:30:00Z,2026-07-17T11:00:00Z,88,84,low
2026-07-17T11:00:00Z,2026-07-17T11:30:00Z,82,82,low
2026-07-17T11:30:00Z,2026-07-17T12:00:00Z,76,80,low
2026-07-17T12:00:00Z,2026-07-17T12:30:00Z,73,78,low
2026-07-17T12:30:00Z,2026-07-17T13:00:00Z,75,79,low
2026-07-17T13:00:00Z,2026-07-17T13:30:00Z,68,81,low
2026-07-17T13:30:00Z,2026-07-17T14:00:00Z,73,81,low
2026-07-17T14:00:00Z,2026-07-17T14:30:00Z,81,87,low
2026-07-17T14:30:00Z,2026-07-17T15:00:00Z,86,93,moderate
2026-07-17T15:00:00Z,2026-07-17T15:30:00Z,99,106,moderate
2026-07-17T15:30:00Z,2026-07-17T16:00:00Z,97,136,moderate
2026-07-17T16:00:00Z,2026-07-17T16:30:00Z,115,151,moderate
2026-07-17T16:30:00Z,2026-07-17T17:00:00Z,129,169,moderate
2026-07-17T17:00:00Z,2026-07-17T17:30:00Z,159,176,high
2026-07-17T17:30:00Z,2026-07-17T18:00:00Z,184,174,high
2026-07-17T18:00:00Z,2026-07-17T18:30:00Z,188,180,high
2026-07-17T18:30:00Z,2026-07-17T19:00:00Z,182,183,high
2026-07-17T19:00:00Z,2026-07-17T19:30:00Z,184,185,high
2026-07-17T19:30:00Z,2026-07-17T20:00:00Z,191,190,high
2026-07-17T20:00:00Z,2026-07-17T20:30:00Z,192,190,high
2026-07-17T20:30:00Z,2026-07-17T21:00:00Z,194,194,high
2026-07-17T21:00:00Z,2026-07-17T21:30:00Z,195,191,high
2026-07-17T21:30:00Z,2026-07-17T22:00:00Z,195,174,high
2026-07-17T22:00:00Z,2026-07-17T22:30:00Z,195,164,moderate
2026-07-17T22:30:00Z,2026-07-17T23:00:00Z,179,160,moderate
2026-07-17T23:00:00Z,2026-07-17T23:30:00Z,178,157,moderate
2026-07-17T23:30:00Z,2026-07-18T00:00:00Z,175,152,moderate
2026-07-18T00:00:00Z,2026-07-18T00:30:00Z,157,144,moderate
2026-07-18T00:30:00Z,2026-07-18T01:00:00Z,151,132,moderate
2026-07-18T01:00:00Z,2026-07-18T01:30:00Z,140,123,moderate
2026-07-18T01:30:00Z,2026-07-18T02:00:00Z,136,123,moderate
2026-07-18T02:00:00Z,2026-07-18T02:30:00Z,121,114,moderate
2026-07-18T02:30:00Z,2026-07-18T03:00:00Z,118,109,moderate
2026-07-18T03:00:00Z,2026-07-18T03:30:00Z,108,97,moderate
2026-07-18T03:30:00Z,2026-07-18T04:00:00Z,105,90,moderate
2026-07-18T04:00:00Z,2026-07-18T04:30:00Z,99,90,moderate
2026-07-18T04:30:00Z,2026-07-18T05:00:00Z,103,95,moderate
2026-07-18T05:00:00Z,2026-07-18T05:30:00Z,94,92,moderate
2026-07-18T05:30:00Z,2026-07-18T06:00:00Z,95,87,low
2026-07-18T06:00:00Z,2026-07-18T06:30:00Z,93,88,low
2026-07-18T06:30:00Z,2026-07-18T07:00:00Z,86,92,moderate
2026-07-18T07:00:00Z,2026-07-18T07:30:00Z,72,84,low
2026-07-18T07:30:00Z,2026-07-18T08:00:00Z,77,79,low
2026-07-18T08:00:00Z,2026-07-18T08:30:00Z,70,72,low
2026-07-18T08:30:00Z,2026-07-18T09:00:00Z,65,71,low
2026-07-18T09:00:00Z,2026-07-18T09:30:00Z,63,66,low
2026-07-18T09:30:00Z,2026-07-18T10:00:00Z,62,63,low
2026-07-18T10:00:00Z,2026-07-18T10:30:00Z,59,61,low
2026-07-18T10:30:00Z,2026-07-18T11:00:00Z,56,57,low
2026-07-18T11:00:00Z,2026-07-18T11:30:00Z,54,56,low
2026-07-18T11:30:00Z,2026-07-18T12:00:00Z,51,58,low
2026-07-18T12:00:00Z,2026-07-18T12:30:00Z,52,59,low
2026-07-18T12:30:00Z,2026-07-18T13:00:00Z,52,58,low
2026-07-18T13:00:00Z,2026-07-18T13:30:00Z,53,57,low
2026-07-18T13:30:00Z,2026-07-18T14:00:00Z,54,56,low
2026-07-18T14:00:00Z,2026-07-18T14:30:00Z,53,57,low
2026-07-18T14:30:00Z,2026-07-18T15:00:00Z,55,58,low
2026-07-18T15:00:00Z,2026-07-18T15:30:00Z,60,57,low
2026-07-18T15:30:00Z,2026-07-18T16:00:00Z,65,58,low
2026-07-18T16:00:00Z,2026-07-18T16:30:00Z,57,61,low
2026-07-18T16:30:00Z,2026-07-18T17:00:00Z,59,68,low
2026-07-18T17:00:00Z,2026-07-18T17:30:00Z,63,75,low
2026-07-18T17:30:00Z,2026-07-18T18:00:00Z,69,82,low
2026-07-18T18:00:00Z,2026-07-18T18:30:00Z,69,81,low
2026-07-18T18:30:00Z,2026-07-18T19:00:00Z,73,97,moderate
2026-07-18T19:00:00Z,2026-07-18T19:30:00Z,69,94,moderate
2026-07-18T19:30:00Z,2026-07-18T20:00:00Z,79,104,moderate
2026-07-18T20:00:00Z,2026-07-18T20:30:00Z,75,104,moderate
2026-07-18T20:30:00Z,2026-07-18T21:00:00Z,81,94,moderate
2026-07-18T21:00:00Z,2026-07-18T21:30:00Z,82,93,moderate
2026-07-18T21:30:00Z,2026-07-18T22:00:00Z,76,89,low
2026-07-18T22:00:00Z,2026-07-18T22:30:00Z,80,83,low
2026-07-18T22:30:00Z,2026-07-18T23:00:00Z,75,83,low
2026-07-18T23:00:00Z,2026-07-18T23:30:00Z,78,82,low
2026-07-18T23:30:00Z,2026-07-19T00:00:00Z,78,85,low
2026-07-19T00:00:00Z,2026-07-19T00:30:00Z,71,83,low
2026-07-19T00:30:00Z,2026-07-19T01:00:00Z,70,78,low
2026-07-19T01:00:00Z,2026-07-19T01:30:00Z,71,79,low
2026-07-19T01:30:00Z,2026-07-19T02:00:00Z,70,68,low
2026-07-19T02:00:00Z,2026-07-19T02:30:00Z,69,67,low
2026-07-19T02:30:00Z,2026-07-19T03:00:00Z,63,70,low
2026-07-19T03:00:00Z,2026-07-19T03:30:00Z,68,69,low
2026-07-19T03:30:00Z,2026-07-19T04:00:00Z,71,78,low
2026-07-19T04:00:00Z,2026-07-19T04:30:00Z,74,83,low
2026-07-19T04:30:00Z,2026-07-19T05:00:00Z,78,88,low
2026-07-19T05:00:00Z,2026-07-19T05:30:00Z,77,85,low
2026-07-19T05:30:00Z,2026-07-19T06:00:00Z,84,85,low
2026-07-19T06:00:00Z,2026-07-19T06:30:00Z,80,81,low
2026-07-19T06:30:00Z,2026-07-19T07:00:00Z,80,82,low
2026-07-19T07:00:00Z,2026-07-19T07:30:00Z,75,77,low
2026-07-19T07:30:00Z,2026-07-19T08:00:00Z,74,75,low
2026-07-19T08:00:00Z,2026-07-19T08:30:00Z,70,72,low
2026-07-19T08:30:00Z,2026-07-19T09:00:00Z,65,72,low
2026-07-19T09:00:00Z,2026-07-19T09:30:00Z,65,71,low
2026-07-19T09:30:00Z,2026-07-19T10:00:00Z,65,69,low
2026-07-19T10:00:00Z,2026-07-19T10:30:00Z,66,71,low
2026-07-19T10:30:00Z,2026-07-19T11:00:00Z,56,64,low
2026-07-19T11:00:00Z,2026-07-19T11:30:00Z,62,62,low
2026-07-19T11:30:00Z,2026-07-19T12:00:00Z,61,60,low
2026-07-19T12:00:00Z,2026-07-19T12:30:00Z,55,57,low
2026-07-19T12:30:00Z,2026-07-19T13:00:00Z,53,56,low
2026-07-19T13:00:00Z,2026-07-19T13:30:00Z,53,58,low
2026-07-19T13:30:00Z,2026-07-19T14:00:00Z,52,58,low
2026-07-19T14:00:00Z,2026-07-19T14:30:00Z,56,58,low
2026-07-19T14:30:00Z,2026-07-19T15:00:00Z,55,58,low
2026-07-19T15:00:00Z,2026-07-19T15:30:00Z,62,63,low
2026-07-19T15:30:00Z,2026-07-19T16:00:00Z,63,68,low
2026-07-19T16:00:00Z,2026-07-19T16:30:00Z,63,73,low
2026-07-19T16:30:00Z,2026-07-19T17:00:00Z,74,83,low
2026-07-19T17:00:00Z,2026-07-19T17:30:00Z,86,92,moderate
2026-07-19T17:30:00Z,2026-07-19T18:00:00Z,97,100,moderate
2026-07-19T18:00:00Z,2026-07-19T18:30:00Z,97,110,moderate
2026-07-19T18:30:00Z,2026-07-19T19:00:00Z,105,115,moderate
2026-07-19T19:00:00Z,2026-07-19T19:30:00Z,113,119,moderate
2026-07-19T19:30:00Z,2026-07-19T20:00:00Z,121,129,moderate
2026-07-19T20:00:00Z,2026-07-19T20:30:00Z,117,128,moderate
2026-07-19T20:30:00Z,2026-07-19T21:00:00Z,118,131,moderate
2026-07-19T21:00:00Z,2026-07-19T21:30:00Z,126,129,moderate
2026-07-19T21:30:00Z,2026-07-19T22:00:00Z,123,123,moderate
2026-07-19T22:00:00Z,2026-07-19T22:30:00Z,124,116,moderate
2026-07-19T22:30:00Z,2026-07-19T23:00:00Z,133,115,moderate
2026-07-19T23:00:00Z,2026-07-19T23:30:00Z,138,113,moderate
2026-07-19T23:30:00Z,2026-07-20T00:00:00Z,148,108,moderate
2026-07-20T00:00:00Z,2026-07-20T00:30:00Z,106,106,moderate
2026-07-20T00:30:00Z,2026-07-20T01:00:00Z,96,107,moderate
2026-07-20T01:00:00Z,2026-07-20T01:30:00Z,92,102,moderate
2026-07-20T01:30:00Z,2026-07-20T02:00:00Z,92,103,moderate
2026-07-20T02:00:00Z,2026-07-20T02:30:00Z,86,99,moderate
2026-07-20T02:30:00Z,2026-07-20T03:00:00Z,88,104,moderate
2026-07-20T03:00:00Z,2026-07-20T03:30:00Z,96,103,moderate
2026-07-20T03:30:00Z,2026-07-20T04:00:00Z,83,105,moderate
2026-07-20T04:00:00Z,2026-07-20T04:30:00Z,154,110,moderate
2026-07-20T04:30:00Z,2026-07-20T05:00:00Z,108,121,moderate
2026-07-20T05:00:00Z,2026-07-20T05:30:00Z,122,127,moderate
2026-07-20T05:30:00Z,2026-07-20T06:00:00Z,135,131,moderate
2026-07-20T06:00:00Z,2026-07-20T06:30:00Z,128,132,moderate
2026-07-20T06:30:00Z,2026-07-20T07:00:00Z,132,130,moderate
2026-07-20T07:00:00Z,2026-07-20T07:30:00Z,128,123,moderate
2026-07-20T07:30:00Z,2026-07-20T08:00:00Z,118,114,moderate
2026-07-20T08:00:00Z,2026-07-20T08:30:00Z,110,108,moderate
2026-07-20T08:30:00Z,2026-07-20T09:00:00Z,98,99,moderate
2026-07-20T09:00:00Z,2026-07-20T09:30:00Z,94,93,moderate
2026-07-20T09:30:00Z,2026-07-20T10:00:00Z,89,90,moderate
2026-07-20T10:00:00Z,2026-07-20T10:30:00Z,84,85,low
2026-07-20T10:30:00Z,2026-07-20T11:00:00Z,85,85,low
2026-07-20T11:00:00Z,2026-07-20T11:30:00Z,84,84,low
2026-07-20T11:30:00Z,2026-07-20T12:00:00Z,79,83,low
2026-07-20T12:00:00Z,2026-07-20T12:30:00Z,78,82,low
2026-07-20T12:30:00Z,2026-07-20T13:00:00Z,81,84,low
2026-07-20T13:00:00Z,2026-07-20T13:30:00Z,78,86,low
2026-07-20T13:30:00Z,2026-07-20T14:00:00Z,84,91,moderate
2026-07-20T14:00:00Z,2026-07-20T14:30:00Z,85,95,moderate
2026-07-20T14:30:00Z,2026-07-20T15:00:00Z,88,97,moderate
2026-07-20T15:00:00Z,2026-07-20T15:30:00Z,116,109,moderate
2026-07-20T15:30:00Z,2026-07-20T16:00:00Z,111,126,moderate
2026-07-20T16:00:00Z,2026-07-20T16:30:00Z,127,136,moderate
2026-07-20T16:30:00Z,2026-07-20T17:00:00Z,149,148,moderate
2026-07-20T17:00:00Z,2026-07-20T17:30:00Z,153,153,moderate
2026-07-20T17:30:00Z,2026-07-20T18:00:00Z,158,160,moderate
2026-07-20T18:00:00Z,2026-07-20T18:30:00Z,165,161,moderate
2026-07-20T18:30:00Z,2026-07-20T19:00:00Z,172,172,high
2026-07-20T19:00:00Z,2026-07-20T19:30:00Z,175,177,high
2026-07-20T19:30:00Z,2026-07-20T20:00:00Z,176,182,high
2026-07-20T20:00:00Z,2026-07-20T20:30:00Z,190,184,high
2026-07-20T20:30:00Z,2026-07-20T21:00:00Z,185,182,high
2026-07-20T21:00:00Z,2026-07-20T21:30:00Z,192,183,high
2026-07-20T21:30:00Z,2026-07-20T22:00:00Z,183,177,high
2026-07-20T22:00:00Z,2026-07-20T22:30:00Z,186,174,high
2026-07-20T22:30:00Z,2026-07-20T23:00:00Z,184,172,high
2026-07-20T23:00:00Z,2026-07-20T23:30:00Z,186,171,high
2026-07-20T23:30:00Z,2026-07-21T00:00:00Z,186,164,moderate
2026-07-21T00:00:00Z,2026-07-21T00:30:00Z,178,164,moderate
2026-07-21T00:30:00Z,2026-07-21T01:00:00Z,175,162,moderate
2026-07-21T01:00:00Z,2026-07-21T01:30:00Z,163,160,moderate
2026-07-21T01:30:00Z,2026-07-21T02:00:00Z,169,158,moderate
2026-07-21T02:00:00Z,2026-07-21T02:30:00Z,165,155,moderate
2026-07-21T02:30:00Z,2026-07-21T03:00:00Z,152,156,moderate
2026-07-21T03:00:00Z,2026-07-21T03:30:00Z,157,152,moderate
2026-07-21T03:30:00Z,2026-07-21T04:00:00Z,160,152,moderate
2026-07-21T04:00:00Z,2026-07-21T04:30:00Z,153,151,moderate
2026-07-21T04:30:00Z,2026-07-21T05:00:00Z,172,149,moderate
2026-07-21T05:00:00Z,2026-07-21T05:30:00Z,165,150,moderate
2026-07-21T05:30:00Z,2026-07-21T06:00:00Z,165,149,moderate
2026-07-21T06:00:00Z,2026-07-21T06:30:00Z,159,148,moderate
2026-07-21T06:30:00Z,2026-07-21T07:00:00Z,141,144,moderate
2026-07-21T07:00:00Z,2026-07-21T07:30:00Z,148,136,moderate
2026-07-21T07:30:00Z,2026-07-21T08:00:00Z,139,129,moderate
2026-07-21T08:00:00Z,2026-07-21T08:30:00Z,123,120,moderate
2026-07-21T08:30:00Z,2026-07-21T09:00:00Z,115,112,moderate
2026-07-21T09:00:00Z,2026-07-21T09:30:00Z,110,107,moderate
2026-07-21T09:30:00Z,2026-07-21T10:00:00Z,105,104,moderate
2026-07-21T10:00:00Z,2026-07-21T10:30:00Z,103,102,moderate
2026-07-21T10:30:00Z,2026-07-21T11:00:00Z,100,99,moderate
2026-07-21T11:00:00Z,2026-07-21T11:30:00Z,93,98,moderate
2026-07-21T11:30:00Z,2026-07-21T12:00:00Z,91,99,moderate
2026-07-21T12:00:00Z,2026-07-21T12:30:00Z,95,97,moderate
2026-07-21T12:30:00Z,2026-07-21T13:00:00Z,86,96,moderate
2026-07-21T13:00:00Z,2026-07-21T13:30:00Z,94,93,moderate
2026-07-21T13:30:00Z,2026-07-21T14:00:00Z,87,94,moderate
2026-07-21T14:00:00Z,2026-07-21T14:30:00Z,89,95,moderate
2026-07-21T14:30:00Z,2026-07-21T15:00:00Z,81,96,moderate
2026-07-21T15:00:00Z,2026-07-21T15:30:00Z,112,103,moderate
2026-07-21T15:30:00Z,2026-07-21T16:00:00Z,119,117,moderate
2026-07-21T16:00:00Z,2026-07-21T16:30:00Z,132,127,moderate
2026-07-21T16:30:00Z,2026-07-21T17:00:00Z,138,132,moderate
2026-07-21T17:00:00Z,2026-07-21T17:30:00Z,149,142,moderate
2026-07-21T17:30:00Z,2026-07-21T18:00:00Z,156,153,moderate
2026-07-21T18:00:00Z,2026-07-21T18:30:00Z,147,161,moderate
2026-07-21T18:30:00Z,2026-07-21T19:00:00Z,157,168,moderate
2026-07-21T19:00:00Z,2026-07-21T19:30:00Z,163,169,moderate
2026-07-21T19:30:00Z,2026-07-21T20:00:00Z,169,164,moderate
2026-07-21T20:00:00Z,2026-07-21T20:30:00Z,174,163,moderate
2026-07-21T20:30:00Z,2026-07-21T21:00:00Z,179,165,moderate
2026-07-21T21:00:00Z,2026-07-21T21:30:00Z,167,165,moderate
2026-07-21T21:30:00Z,2026-07-21T22:00:00Z,164,163,moderate
2026-07-21T22:00:00Z,2026-07-21T22:30:00Z,165,161,moderate
2026-07-21T22:30:00Z,2026-07-21T23:00:00Z,167,159,moderate
2026-07-21T23:00:00Z,2026-07-21T23:30:00Z,172,158,moderate
2026-07-21T23:30:00Z,2026-07-22T00:00:00Z,172,152,moderate
2026-07-22T00:00:00Z,2026-07-22T00:30:00Z,159,149,moderate
2026-07-22T00:30:00Z,2026-07-22T01:00:00Z,157,144,moderate
2026-07-22T01:00:00Z,2026-07-22T01:30:00Z,150,146,moderate
2026-07-22T01:30:00Z,2026-07-22T02:00:00Z,141,145,moderate
2026-07-22T02:00:00Z,2026-07-22T02:30:00Z,142,143,moderate
2026-07-22T02:30:00Z,2026-07-22T03:00:00Z,141,146,moderate
2026-07-22T03:00:00Z,2026-07-22T03:30:00Z,134,143,moderate
2026-07-22T03:30:00Z,2026-07-22T04:00:00Z,123,142,moderate
2026-07-22T04:00:00Z,2026-07-22T04:30:00Z,129,147,moderate
2026-07-22T04:30:00Z,2026-07-22T05:00:00Z,119,146,moderate
2026-07-22T05:00:00Z,2026-07-22T05:30:00Z,156,144,moderate
2026-07-22T05:30:00Z,2026-07-22T06:00:00Z,149,140,moderate
2026-07-22T06:00:00Z,2026-07-22T06:30:00Z,158,139,moderate
2026-07-22T06:30:00Z,2026-07-22T07:00:00Z,172,132,moderate
2026-07-22T07:00:00Z,2026-07-22T07:30:00Z,138,126,moderate
2026-07-22T07:30:00Z,2026-07-22T08:00:00Z,135,119,moderate
2026-07-22T08:00:00Z,2026-07-22T08:30:00Z,121,115,moderate
2026-07-22T08:30:00Z,2026-07-22T09:00:00Z,115,105,moderate
2026-07-22T09:00:00Z,2026-07-22T09:30:00Z,115,100,moderate
2026-07-22T09:30:00Z,2026-07-22T10:00:00Z,110,97,moderate
2026-07-22T10:00:00Z,2026-07-22T10:30:00Z,94,97,moderate
2026-07-22T10:30:00Z,2026-07-22T11:00:00Z,94,98,moderate
2026-07-22T11:00:00Z,2026-07-22T11:30:00Z,90,100,moderate
2026-07-22T11:30:00Z,2026-07-22T12:00:00Z,87,99,moderate
2026-07-22T12:00:00Z,2026-07-22T12:30:00Z,93,98,moderate
2026-07-22T12:30:00Z,2026-07-22T13:00:00Z,89,98,moderate
2026-07-22T13:00:00Z,2026-07-22T13:30:00Z,87,96,moderate
2026-07-22T13:30:00Z,2026-07-22T14:00:00Z,88,97,moderate
2026-07-22T14:00:00Z,2026-07-22T14:30:00Z,90,100,moderate
2026-07-22T14:30:00Z,2026-07-22T15:00:00Z,90,101,moderate
2026-07-22T15:00:00Z,2026-07-22T15:30:00Z,99,109,moderate
2026-07-22T15:30:00Z,2026-07-22T16:00:00Z,104,125,moderate
2026-07-22T16:00:00Z,2026-07-22T16:30:00Z,125,132,moderate
2026-07-22T16:30:00Z,2026-07-22T17:00:00Z,159,134,moderate
2026-07-22T17:00:00Z,2026-07-22T17:30:00Z,150,143,moderate
2026-07-22T17:30:00Z,2026-07-22T18:00:00Z,163,154,moderate
2026-07-22T18:00:00Z,2026-07-22T18:30:00Z,148,159,moderate
2026-07-22T18:30:00Z,2026-07-22T19:00:00Z,159,164,moderate
2026-07-22T19:00:00Z,2026-07-22T19:30:00Z,172,171,high
2026-07-22T19:30:00Z,2026-07-22T20:00:00Z,181,176,high
2026-07-22T20:00:00Z,2026-07-22T20:30:00Z,187,178,high
2026-07-22T20:30:00Z,2026-07-22T21:00:00Z,192,177,high
2026-07-22T21:00:00Z,2026-07-22T21:30:00Z,185,175,high
2026-07-22T21:30:00Z,2026-07-22T22:00:00Z,187,160,moderate
2026-07-22T22:00:00Z,2026-07-22T22:30:00Z,182,156,moderate
2026-07-22T22:30:00Z,2026-07-22T23:00:00Z,179,157,moderate
2026-07-22T23:00:00Z,2026-07-22T23:30:00Z,160,157,moderate
2026-07-22T23:30:00Z,2026-07-23T00:00:00Z,160,161,moderate
2026-07-23T00:00:00Z,2026-07-23T00:30:00Z,162,159,moderate
2026-07-23T00:30:00Z,2026-07-23T01:00:00Z,164,155,moderate
2026-07-23T01:00:00Z,2026-07-23T01:30:00Z,162,151,moderate
2026-07-23T01:30:00Z,2026-07-23T02:00:00Z,153,139,moderate
2026-07-23T02:00:00Z,2026-07-23T02:30:00Z,140,132,moderate
2026-07-23T02:30:00Z,2026-07-23T03:00:00Z,121,126,moderate
2026-07-23T03:00:00Z,2026-07-23T03:30:00Z,122,122,moderate
2026-07-23T03:30:00Z,2026-07-23T04:00:00Z,99,132,moderate
2026-07-23T04:00:00Z,2026-07-23T04:30:00Z,201,134,moderate
2026-07-23T04:30:00Z,2026-07-23T05:00:00Z,255,136,moderate
2026-07-23T05:00:00Z,2026-07-23T05:30:00Z,150,144,moderate
2026-07-23T05:30:00Z,2026-07-23T06:00:00Z,168,143,moderate
2026-07-23T06:00:00Z,2026-07-23T06:30:00Z,158,144,moderate
2026-07-23T06:30:00Z,2026-07-23T07:00:00Z,168,143,moderate
2026-07-23T07:00:00Z,2026-07-23T07:30:00Z,142,141,moderate
2026-07-23T07:30:00Z,2026-07-23T08:00:00Z,131,129,moderate
2026-07-23T08:00:00Z,2026-07-23T08:30:00Z,128,121,moderate
2026-07-23T08:30:00Z,2026-07-23T09:00:00Z,121,115,moderate
2026-07-23T09:00:00Z,2026-07-23T09:30:00Z,111,110,moderate
2026-07-23T09:30:00Z,2026-07-23T10:00:00Z,108,107,moderate
2026-07-23T10:00:00Z,2026-07-23T10:30:00Z,109,105,moderate
2026-07-23T10:30:00Z,2026-07-23T11:00:00Z,114,101,moderate
2026-07-23T11:00:00Z,2026-07-23T11:30:00Z,103,100,moderate
2026-07-23T11:30:00Z,2026-07-23T12:00:00Z,101,96,moderate
2026-07-23T12:00:00Z,2026-07-23T12:30:00Z,97,95,moderate
2026-07-23T12:30:00Z,2026-07-23T13:00:00Z,97,95,moderate
2026-07-23T13:00:00Z,2026-07-23T13:30:00Z,91,93,moderate
2026-07-23T13:30:00Z,2026-07-23T14:00:00Z,89,90,moderate
2026-07-23T14:00:00Z,2026-07-23T14:30:00Z,91,92,moderate
2026-07-23T14:30:00Z,2026-07-23T15:00:00Z,90,97,moderate
2026-07-23T15:00:00Z,2026-07-23T15:30:00Z,86,103,moderate
2026-07-23T15:30:00Z,2026-07-23T16:00:00Z,90,116,moderate
2026-07-23T16:00:00Z,2026-07-23T16:30:00Z,115,126,moderate
2026-07-23T16:30:00Z,2026-07-23T17:00:00Z,129,135,moderate
2026-07-23T17:00:00Z,2026-07-23T17:30:00Z,133,141,moderate
2026-07-23T17:30:00Z,2026-07-23T18:00:00Z,143,144,moderate
2026-07-23T18:00:00Z,2026-07-23T18:30:00Z,153,151,moderate
2026-07-23T18:30:00Z,2026-07-23T19:00:00Z,165,156,moderate
2026-07-23T19:00:00Z,2026-07-23T19:30:00Z,166,161,moderate
2026-07-23T19:30:00Z,2026-07-23T20:00:00Z,176,165,moderate
2026-07-23T20:00:00Z,2026-07-23T20:30:00Z,171,166,moderate
2026-07-23T20:30:00Z,2026-07-23T21:00:00Z,172,164,moderate
2026-07-23T21:00:00Z,2026-07-23T21:30:00Z,167,163,moderate
2026-07-23T21:30:00Z,2026-07-23T22:00:00Z,166,158,moderate
2026-07-23T22:00:00Z,2026-07-23T22:30:00Z,169,160,moderate
2026-07-23T22:30:00Z,2026-07-23T23:00:00Z,167,163,moderate
2026-07-23T23:00:00Z,2026-07-23T23:30:00Z,154,159,moderate
2026-07-23T23:30:00Z,2026-07-24T00:00:00Z,137,152,moderate
2026-07-24T00:00:00Z,2026-07-24T00:30:00Z,142,150,moderate
2026-07-24T00:30:00Z,2026-07-24T01:00:00Z,128,142,moderate
2026-07-24T01:00:00Z,2026-07-24T01:30:00Z,130,143,moderate
2026-07-24T01:30:00Z,2026-07-24T02:00:00Z,119,143,moderate
2026-07-24T02:00:00Z,2026-07-24T02:30:00Z,130,143,moderate
2026-07-24T02:30:00Z,2026-07-24T03:00:00Z,127,152,moderate
2026-07-24T03:00:00Z,2026-07-24T03:30:00Z,144,154,moderate
2026-07-24T03:30:00Z,2026-07-24T04:00:00Z,141,166,moderate
2026-07-24T04:00:00Z,2026-07-24T04:30:00Z,136,166,moderate
2026-07-24T04:30:00Z,2026-07-24T05:00:00Z,132,159,moderate
2026-07-24T05:00:00Z,2026-07-24T05:30:00Z,165,156,moderate
2026-07-24T05:30:00Z,2026-07-24T06:00:00Z,159,144,moderate
2026-07-24T06:00:00Z,2026-07-24T06:30:00Z,154,133,moderate
2026-07-24T06:30:00Z,2026-07-24T07:00:00Z,147,111,moderate
2026-07-24T07:00:00Z,2026-07-24T07:30:00Z,121,97,moderate
2026-07-24T07:30:00Z,2026-07-24T08:00:00Z,110,82,low
2026-07-24T08:00:00Z,2026-07-24T08:30:00Z,86,74,low
2026-07-24T08:30:00Z,2026-07-24T09:00:00Z,78,69,low
2026-07-24T09:00:00Z,2026-07-24T09:30:00Z,66,66,low
2026-07-24T09:30:00Z,2026-07-24T10:00:00Z,63,62,low
2026-07-24T10:00:00Z,2026-07-24T10:30:00Z,57,59,low
2026-07-24T10:30:00Z,2026-07-24T11:00:00Z,56,58,low
2026-07-24T11:00:00Z,2026-07-24T11:30:00Z,52,56,low
2026-07-24T11:30:00Z,2026-07-24T12:00:00Z,51,58,low
2026-07-24T12:00:00Z,2026-07-24T12:30:00Z,53,57,low
2026-07-24T12:30:00Z,2026-07-24T13:00:00Z,53,59,low
2026-07-24T13:00:00Z,2026-07-24T13:30:00Z,54,61,low
2026-07-24T13:30:00Z,2026-07-24T14:00:00Z,55,65,low
2026-07-24T14:00:00Z,2026-07-24T14:30:00Z,57,67,low
2026-07-24T14:30:00Z,2026-07-24T15:00:00Z,57,73,low
2026-07-24T15:00:00Z,2026-07-24T15:30:00Z,60,78,low
2026-07-24T15:30:00Z,2026-07-24T16:00:00Z,59,84,low
2026-07-24T16:00:00Z,2026-07-24T16:30:00Z,71,97,moderate
2026-07-24T16:30:00Z,2026-07-24T17:00:00Z,69,116,moderate
2026-07-24T17:00:00Z,2026-07-24T17:30:00Z,103,126,moderate
2026-07-24T17:30:00Z,2026-07-24T18:00:00Z,123,137,moderate
2026-07-24T18:00:00Z,2026-07-24T18:30:00Z,136,144,moderate
2026-07-24T18:30:00Z,2026-07-24T19:00:00Z,137,146,moderate
2026-07-24T19:00:00Z,2026-07-24T19:30:00Z,139,147,moderate
2026-07-24T19:30:00Z,2026-07-24T20:00:00Z,143,147,moderate
2026-07-24T20:00:00Z,2026-07-24T20:30:00Z,150,149,moderate
2026-07-24T20:30:00Z,2026-07-24T21:00:00Z,147,148,moderate
2026-07-24T21:00:00Z,2026-07-24T21:30:00Z,138,145,moderate
2026-07-24T21:30:00Z,2026-07-24T22:00:00Z,136,139,moderate
2026-07-24T22:00:00Z,2026-07-24T22:30:00Z,134,134,moderate
2026-07-24T22:30:00Z,2026-07-24T23:00:00Z,126,129,moderate
2026-07-24T23:00:00Z,2026-07-24T23:30:00Z,125,129,moderate
2026-07-24T23:30:00Z,2026-07-25T00:00:00Z,114,114,moderate
2026-07-25T00:00:00Z,2026-07-25T00:30:00Z,118,113,moderate
2026-07-25T00:30:00Z,2026-07-25T01:00:00Z,108,113,moderate
2026-07-25T01:00:00Z,2026-07-25T01:30:00Z,101,113,moderate
2026-07-25T01:30:00Z,2026-07-25T02:00:00Z,98,119,moderate
2026-07-25T02:00:00Z,2026-07-25T02:30:00Z,106,118,moderate
2026-07-25T02:30:00Z,2026-07-25T03:00:00Z,103,127,moderate
2026-07-25T03:00:00Z,2026-07-25T03:30:00Z,117,126,moderate
2026-07-25T03:30:00Z,2026-07-25T04:00:00Z,115,130,moderate
2026-07-25T04:00:00Z,2026-07-25T04:30:00Z,122,126,moderate
2026-07-25T04:30:00Z,2026-07-25T05:00:00Z,120,118,moderate
2026-07-25T05:00:00Z,2026-07-25T05:30:00Z,118,113,moderate
2026-07-25T05:30:00Z,2026-07-25T06:00:00Z,113,92,moderate
2026-07-25T06:00:00Z,2026-07-25T06:30:00Z,102,84,low
2026-07-25T06:30:00Z,2026-07-25T07:00:00Z,95,74,low
2026-07-25T07:00:00Z,2026-07-25T07:30:00Z,72,65,low
2026-07-25T07:30:00Z,2026-07-25T08:00:00Z,65,59,low
2026-07-25T08:00:00Z,2026-07-25T08:30:00Z,59,52,low
2026-07-25T08:30:00Z,2026-07-25T09:00:00Z,60,49,low
2026-07-25T09:00:00Z,2026-07-25T09:30:00Z,47,45,low
2026-07-25T09:30:00Z,2026-07-25T10:00:00Z,45,46,low
2026-07-25T10:00:00Z,2026-07-25T10:30:00Z,39,43,low
2026-07-25T10:30:00Z,2026-07-25T11:00:00Z,38,41,low
2026-07-25T11:00:00Z,2026-07-25T11:30:00Z,39,40,low
2026-07-25T11:30:00Z,2026-07-25T12:00:00Z,39,39,low
2026-07-25T12:00:00Z,2026-07-25T12:30:00Z,35,38,low
2026-07-25T12:30:00Z,2026-07-25T13:00:00Z,34,40,low
2026-07-25T13:00:00Z,2026-07-25T13:30:00Z,40,41,low
2026-07-25T13:30:00Z,2026-07-25T14:00:00Z,43,43,low
2026-07-25T14:00:00Z,2026-07-25T14:30:00Z,32,44,low
2026-07-25T14:30:00Z,2026-07-25T15:00:00Z,34,38,low
2026-07-25T15:00:00Z,2026-07-25T15:30:00Z,41,43,low
2026-07-25T15:30:00Z,2026-07-25T16:00:00Z,45,51,low
2026-07-25T16:00:00Z,2026-07-25T16:30:00Z,40,52,low
2026-07-25T16:30:00Z,2026-07-25T17:00:00Z,44,58,low
2026-07-25T17:00:00Z,2026-07-25T17:30:00Z,49,68,low
2026-07-25T17:30:00Z,2026-07-25T18:00:00Z,48,64,low
2026-07-25T18:00:00Z,2026-07-25T18:30:00Z,72,69,low
2026-07-25T18:30:00Z,2026-07-25T19:00:00Z,77,79,low
2026-07-25T19:00:00Z,2026-07-25T19:30:00Z,67,80,low
2026-07-25T19:30:00Z,2026-07-25T20:00:00Z,79,85,low
2026-07-25T20:00:00Z,2026-07-25T20:30:00Z,65,90,moderate
2026-07-25T20:30:00Z,2026-07-25T21:00:00Z,73,90,moderate
2026-07-25T21:00:00Z,2026-07-25T21:30:00Z,68,88,low
2026-07-25T21:30:00Z,2026-07-25T22:00:00Z,71,90,moderate
2026-07-25T22:00:00Z,2026-07-25T22:30:00Z,68,89,low
2026-07-25T22:30:00Z,2026-07-25T23:00:00Z,67,86,low
2026-07-25T23:00:00Z,2026-07-25T23:30:00Z,66,86,low
2026-07-25T23:30:00Z,2026-07-26T00:00:00Z,65,86,low
2026-07-26T00:00:00Z,2026-07-26T00:30:00Z,70,83,low
2026-07-26T00:30:00Z,2026-07-26T01:00:00Z,66,68,low
2026-07-26T01:00:00Z,2026-07-26T01:30:00Z,67,68,low
2026-07-26T01:30:00Z,2026-07-26T02:00:00Z,66,72,low
2026-07-26T02:00:00Z,2026-07-26T02:30:00Z,66,69,low
2026-07-26T02:30:00Z,2026-07-26T03:00:00Z,63,72,low
2026-07-26T03:00:00Z,2026-07-26T03:30:00Z,69,69,low
2026-07-26T03:30:00Z,2026-07-26T04:00:00Z,67,67,low
2026-07-26T04:00:00Z,2026-07-26T04:30:00Z,69,67,low
2026-07-26T04:30:00Z,2026-07-26T05:00:00Z,68,67,low
2026-07-26T05:00:00Z,2026-07-26T05:30:00Z,64,66,low
2026-07-26T05:30:00Z,2026-07-26T06:00:00Z,59,66,low
2026-07-26T06:00:00Z,2026-07-26T06:30:00Z,54,66,low
2026-07-26T06:30:00Z,2026-07-26T07:00:00Z,52,59,low
2026-07-26T07:00:00Z,2026-07-26T07:30:00Z,53,57,low
2026-07-26T07:30:00Z,2026-07-26T08:00:00Z,49,52,low
2026-07-26T08:00:00Z,2026-07-26T08:30:00Z,47,51,low
2026-07-26T08:30:00Z,2026-07-26T09:00:00Z,45,53,low
2026-07-26T09:00:00Z,2026-07-26T09:30:00Z,44,49,low
2026-07-26T09:30:00Z,2026-07-26T10:00:00Z,41,48,low
2026-07-26T10:00:00Z,2026-07-26T10:30:00Z,42,45,low
2026-07-26T10:30:00Z,2026-07-26T11:00:00Z,38,48,low
2026-07-26T11:00:00Z,2026-07-26T11:30:00Z,38,46,low
2026-07-26T11:30:00Z,2026-07-26T12:00:00Z,35,43,low
2026-07-26T12:00:00Z,2026-07-26T12:30:00Z,40,44,low
2026-07-26T12:30:00Z,2026-07-26T13:00:00Z,40,51,low
2026-07-26T13:00:00Z,2026-07-26T13:30:00Z,39,51,low
2026-07-26T13:30:00Z,2026-07-26T14:00:00Z,40,58,low
2026-07-26T14:00:00Z,2026-07-26T14:30:00Z,49,56,low
2026-07-26T14:30:00Z,2026-07-26T15:00:00Z,59,60,low
2026-07-26T15:00:00Z,2026-07-26T15:30:00Z,55,65,low
2026-07-26T15:30:00Z,2026-07-26T16:00:00Z,61,70,low
2026-07-26T16:00:00Z,2026-07-26T16:30:00Z,64,76,low
2026-07-26T16:30:00Z,2026-07-26T17:00:00Z,70,74,low
2026-07-26T17:00:00Z,2026-07-26T17:30:00Z,70,81,low
2026-07-26T17:30:00Z,2026-07-26T18:00:00Z,75,71,low
2026-07-26T18:00:00Z,2026-07-26T18:30:00Z,78,74,low
2026-07-26T18:30:00Z,2026-07-26T19:00:00Z,85,81,low
2026-07-26T19:00:00Z,2026-07-26T19:30:00Z,72,83,low
2026-07-26T19:30:00Z,2026-07-26T20:00:00Z,77,83,low
2026-07-26T20:00:00Z,2026-07-26T20:30:00Z,79,85,low
2026-07-26T20:30:00Z,2026-07-26T21:00:00Z,81,83,low
2026-07-26T21:00:00Z,2026-07-26T21:30:00Z,77,78,low
2026-07-26T21:30:00Z,2026-07-26T22:00:00Z,78,75,low
2026-07-26T22:00:00Z,2026-07-26T22:30:00Z,77,74,low
2026-07-26T22:30:00Z,2026-07-26T23:00:00Z,78,74,low
2026-07-26T23:00:00Z,2026-07-26T23:30:00Z,79,73,low
2026-07-26T23:30:00Z,2026-07-27T00:00:00Z,82,76,low
2026-07-27T00:00:00Z,2026-07-27T00:30:00Z,70,77,low
2026-07-27T00:30:00Z,2026-07-27T01:00:00Z,69,79,low
2026-07-27T01:00:00Z,2026-07-27T01:30:00Z,76,80,low
2026-07-27T01:30:00Z,2026-07-27T02:00:00Z,81,79,low
2026-07-27T02:00:00Z,2026-07-27T02:30:00Z,75,80,low
2026-07-27T02:30:00Z,2026-07-27T03:00:00Z,72,75,low
2026-07-27T03:00:00Z,2026-07-27T03:30:00Z,74,78,low
2026-07-27T03:30:00Z,2026-07-27T04:00:00Z,71,77,low
2026-07-27T04:00:00Z,2026-07-27T04:30:00Z,106,79,low
2026-07-27T04:30:00Z,2026-07-27T05:00:00Z,124,91,moderate
2026-07-27T05:00:00Z,2026-07-27T05:30:00Z,88,95,moderate
2026-07-27T05:30:00Z,2026-07-27T06:00:00Z,91,98,moderate
2026-07-27T06:00:00Z,2026-07-27T06:30:00Z,97,96,moderate
2026-07-27T06:30:00Z,2026-07-27T07:00:00Z,101,98,moderate
2026-07-27T07:00:00Z,2026-07-27T07:30:00Z,93,93,moderate
2026-07-27T07:30:00Z,2026-07-27T08:00:00Z,91,91,moderate
2026-07-27T08:00:00Z,2026-07-27T08:30:00Z,83,86,low
2026-07-27T08:30:00Z,2026-07-27T09:00:00Z,81,83,low
2026-07-27T09:00:00Z,2026-07-27T09:30:00Z,76,84,low
2026-07-27T09:30:00Z,2026-07-27T10:00:00Z,68,85,low
2026-07-27T10:00:00Z,2026-07-27T10:30:00Z,71,76,low
2026-07-27T10:30:00Z,2026-07-27T11:00:00Z,68,71,low
2026-07-27T11:00:00Z,2026-07-27T11:30:00Z,72,70,low
2026-07-27T11:30:00Z,2026-07-27T12:00:00Z,68,68,low
2026-07-27T12:00:00Z,2026-07-27T12:30:00Z,65,67,low
2026-07-27T12:30:00Z,2026-07-27T13:00:00Z,63,68,low
2026-07-27T13:00:00Z,2026-07-27T13:30:00Z,60,69,low
2026-07-27T13:30:00Z,2026-07-27T14:00:00Z,62,72,low
2026-07-27T14:00:00Z,2026-07-27T14:30:00Z,65,75,low
2026-07-27T14:30:00Z,2026-07-27T15:00:00Z,73,85,low
2026-07-27T15:00:00Z,2026-07-27T15:30:00Z,86,94,moderate
2026-07-27T15:30:00Z,2026-07-27T16:00:00Z,98,108,moderate
2026-07-27T16:00:00Z,2026-07-27T16:30:00Z,100,126,moderate
2026-07-27T16:30:00Z,2026-07-27T17:00:00Z,112,130,moderate
2026-07-27T17:00:00Z,2026-07-27T17:30:00Z,134,136,moderate
2026-07-27T17:30:00Z,2026-07-27T18:00:00Z,143,147,moderate
2026-07-27T18:00:00Z,2026-07-27T18:30:00Z,152,152,moderate
2026-07-27T18:30:00Z,2026-07-27T19:00:00Z,154,157,moderate
2026-07-27T19:00:00Z,2026-07-27T19:30:00Z,159,163,moderate
2026-07-27T19:30:00Z,2026-07-27T20:00:00Z,164,168,moderate
2026-07-27T20:00:00Z,2026-07-27T20:30:00Z,170,169,moderate
2026-07-27T20:30:00Z,2026-07-27T21:00:00Z,166,172,high
2026-07-27T21:00:00Z,2026-07-27T21:30:00Z,166,172,high
2026-07-27T21:30:00Z,2026-07-27T22:00:00Z,163,157,moderate
2026-07-27T22:00:00Z,2026-07-27T22:30:00Z,176,154,moderate
2026-07-27T22:30:00Z,2026-07-27T23:00:00Z,156,145,moderate
2026-07-27T23:00:00Z,2026-07-27T23:30:00Z,158,141,moderate
2026-07-27T23:30:00Z,2026-07-28T00:00:00Z,160,134,moderate
2026-07-28T00:00:00Z,2026-07-28T00:30:00Z,142,130,moderate
2026-07-28T00:30:00Z,2026-07-28T01:00:00Z,123,124,moderate
2026-07-28T01:00:00Z,2026-07-28T01:30:00Z,121,122,moderate
2026-07-28T01:30:00Z,2026-07-28T02:00:00Z,116,114,moderate
2026-07-28T02:00:00Z,2026-07-28T02:30:00Z,114,106,moderate
2026-07-28T02:30:00Z,2026-07-28T03:00:00Z,111,103,moderate
2026-07-28T03:00:00Z,2026-07-28T03:30:00Z,107,100,moderate
2026-07-28T03:30:00Z,2026-07-28T04:00:00Z,98,109,moderate
2026-07-28T04:00:00Z,2026-07-28T04:30:00Z,94,100,moderate
2026-07-28T04:30:00Z,2026-07-28T05:00:00Z,92,95,moderate
2026-07-28T05:00:00Z,2026-07-28T05:30:00Z,87,94,moderate
2026-07-28T05:30:00Z,2026-07-28T06:00:00Z,87,78,low
2026-07-28T06:00:00Z,2026-07-28T06:30:00Z,76,72,low
2026-07-28T06:30:00Z,2026-07-28T07:00:00Z,69,73,low
2026-07-28T07:00:00Z,2026-07-28T07:30:00Z,60,68,low
2026-07-28T07:30:00Z,2026-07-28T08:00:00Z,56,68,low
2026-07-28T08:00:00Z,2026-07-28T08:30:00Z,56,65,low
2026-07-28T08:30:00Z,2026-07-28T09:00:00Z,50,59,low
2026-07-28T09:00:00Z,2026-07-28T09:30:00Z,53,55,low
2026-07-28T09:30:00Z,2026-07-28T10:00:00Z,58,55,low
2026-07-28T10:00:00Z,2026-07-28T10:30:00Z,57,54,low
2026-07-28T10:30:00Z,2026-07-28T11:00:00Z,48,53,low
2026-07-28T11:00:00Z,2026-07-28T11:30:00Z,48,51,low
2026-07-28T11:30:00Z,2026-07-28T12:00:00Z,48,52,low
2026-07-28T12:00:00Z,2026-07-28T12:30:00Z,45,52,low
2026-07-28T12:30:00Z,2026-07-28T13:00:00Z,43,56,low
2026-07-28T13:00:00Z,2026-07-28T13:30:00Z,44,58,low
2026-07-28T13:30:00Z,2026-07-28T14:00:00Z,47,60,low
2026-07-28T14:00:00Z,2026-07-28T14:30:00Z,50,63,low
2026-07-28T14:30:00Z,2026-07-28T15:00:00Z,53,71,low
2026-07-28T15:00:00Z,2026-07-28T15:30:00Z,55,83,low
2026-07-28T15:30:00Z,2026-07-28T16:00:00Z,55,88,low
2026-07-28T16:00:00Z,2026-07-28T16:30:00Z,72,107,moderate
2026-07-28T16:30:00Z,2026-07-28T17:00:00Z,93,129,moderate
2026-07-28T17:00:00Z,2026-07-28T17:30:00Z,111,148,moderate
2026-07-28T17:30:00Z,2026-07-28T18:00:00Z,131,164,moderate
2026-07-28T18:00:00Z,2026-07-28T18:30:00Z,138,172,high
2026-07-28T18:30:00Z,2026-07-28T19:00:00Z,150,178,high
2026-07-28T19:00:00Z,2026-07-28T19:30:00Z,171,179,high
2026-07-28T19:30:00Z,2026-07-28T20:00:00Z,175,182,high
2026-07-28T20:00:00Z,2026-07-28T20:30:00Z,179,178,high
2026-07-28T20:30:00Z,2026-07-28T21:00:00Z,177,166,moderate
2026-07-28T21:00:00Z,2026-07-28T21:30:00Z,179,165,moderate
2026-07-28T21:30:00Z,2026-07-28T22:00:00Z,170,156,moderate
2026-07-28T22:00:00Z,2026-07-28T22:30:00Z,168,152,moderate
2026-07-28T22:30:00Z,2026-07-28T23:00:00Z,165,155,moderate
2026-07-28T23:00:00Z,2026-07-28T23:30:00Z,168,156,moderate
2026-07-28T23:30:00Z,2026-07-29T00:00:00Z,169,156,moderate
2026-07-29T00:00:00Z,2026-07-29T00:30:00Z,161,158,moderate
2026-07-29T00:30:00Z,2026-07-29T01:00:00Z,160,160,moderate
2026-07-29T01:00:00Z,2026-07-29T01:30:00Z,163,160,moderate
2026-07-29T01:30:00Z,2026-07-29T02:00:00Z,163,161,moderate
2026-07-29T02:00:00Z,2026-07-29T02:30:00Z,165,159,moderate
2026-07-29T02:30:00Z,2026-07-29T03:00:00Z,165,155,moderate
2026-07-29T03:00:00Z,2026-07-29T03:30:00Z,167,155,moderate
2026-07-29T03:30:00Z,2026-07-29T04:00:00Z,161,161,moderate
2026-07-29T04:00:00Z,2026-07-29T04:30:00Z,157,163,moderate
2026-07-29T04:30:00Z,2026-07-29T05:00:00Z,162,170,high
2026-07-29T05:00:00Z,2026-07-29T05:30:00Z,167,171,high
2026-07-29T05:30:00Z,2026-07-29T06:00:00Z,175,164,moderate
2026-07-29T06:00:00Z,2026-07-29T06:30:00Z,172,155,moderate
2026-07-29T06:30:00Z,2026-07-29T07:00:00Z,165,147,moderate
2026-07-29T07:00:00Z,2026-07-29T07:30:00Z,150,138,moderate
2026-07-29T07:30:00Z,2026-07-29T08:00:00Z,135,122,moderate
2026-07-29T08:00:00Z,2026-07-29T08:30:00Z,130,113,moderate
2026-07-29T08:30:00Z,2026-07-29T09:00:00Z,109,106,moderate
2026-07-29T09:00:00Z,2026-07-29T09:30:00Z,102,102,moderate
2026-07-29T09:30:00Z,2026-07-29T10:00:00Z,97,97,moderate
2026-07-29T10:00:00Z,2026-07-29T10:30:00Z,97,94,moderate
2026-07-29T10:30:00Z,2026-07-29T11:00:00Z,92,95,moderate
2026-07-29T11:00:00Z,2026-07-29T11:30:00Z,90,95,moderate
2026-07-29T11:30:00Z,2026-07-29T12:00:00Z,90,100,moderate
2026-07-29T12:00:00Z,2026-07-29T12:30:00Z,92,104,moderate
2026-07-29T12:30:00Z,2026-07-29T13:00:00Z,94,111,moderate
2026-07-29T13:00:00Z,2026-07-29T13:30:00Z,98,112,moderate
2026-07-29T13:30:00Z,2026-07-29T14:00:00Z,111,117,moderate
2026-07-29T14:00:00Z,2026-07-29T14:30:00Z,111,121,moderate
2026-07-29T14:30:00Z,2026-07-29T15:00:00Z,118,131,moderate
2026-07-29T15:00:00Z,2026-07-29T15:30:00Z,119,145,moderate
2026-07-29T15:30:00Z,2026-07-29T16:00:00Z,132,156,moderate
2026-07-29T16:00:00Z,2026-07-29T16:30:00Z,145,166,moderate
2026-07-29T16:30:00Z,2026-07-29T17:00:00Z,158,174,high
2026-07-29T17:00:00Z,2026-07-29T17:30:00Z,172,186,high
2026-07-29T17:30:00Z,2026-07-29T18:00:00Z,183,195,high
2026-07-29T18:00:00Z,2026-07-29T18:30:00Z,197,202,high
2026-07-29T18:30:00Z,2026-07-29T19:00:00Z,206,210,high
2026-07-29T19:00:00Z,2026-07-29T19:30:00Z,217,217,high
2026-07-29T19:30:00Z,2026-07-29T20:00:00Z,223,210,high
2026-07-29T20:00:00Z,2026-07-29T20:30:00Z,224,212,high
2026-07-29T20:30:00Z,2026-07-29T21:00:00Z,221,210,high
2026-07-29T21:00:00Z,2026-07-29T21:30:00Z,213,204,high
2026-07-29T21:30:00Z,2026-07-29T22:00:00Z,203,190,high
2026-07-29T22:00:00Z,2026-07-29T22:30:00Z,198,185,high
2026-07-29T22:30:00Z,2026-07-29T23:00:00Z,192,179,high
2026-07-29T23:00:00Z,2026-07-29T23:30:00Z,190,176,high
2026-07-29T23:30:00Z,2026-07-30T00:00:00Z,187,175,high
2026-07-30T00:00:00Z,2026-07-30T00:30:00Z,175,176,high
2026-07-30T00:30:00Z,2026-07-30T01:00:00Z,172,173,high
2026-07-30T01:00:00Z,2026-07-30T01:30:00Z,174,174,high
2026-07-30T01:30:00Z,2026-07-30T02:00:00Z,169,165,moderate
2026-07-30T02:00:00Z,2026-07-30T02:30:00Z,166,165,moderate
2026-07-30T02:30:00Z,2026-07-30T03:00:00Z,160,171,high
2026-07-30T03:00:00Z,2026-07-30T03:30:00Z,167,167,moderate
2026-07-30T03:30:00Z,2026-07-30T04:00:00Z,161,165,moderate
2026-07-30T04:00:00Z,2026-07-30T04:30:00Z,157,162,moderate
2026-07-30T04:30:00Z,2026-07-30T05:00:00Z,160,166,moderate
2026-07-30T05:00:00Z,2026-07-30T05:30:00Z,161,169,moderate
2026-07-30T05:30:00Z,2026-07-30T06:00:00Z,161,162,moderate
2026-07-30T06:00:00Z,2026-07-30T06:30:00Z,168,151,moderate
2026-07-30T06:30:00Z,2026-07-30T07:00:00Z,161,140,moderate
2026-07-30T07:00:00Z,2026-07-30T07:30:00Z,139,130,moderate
2026-07-30T07:30:00Z,2026-07-30T08:00:00Z,125,114,moderate
2026-07-30T08:00:00Z,2026-07-30T08:30:00Z,116,105,moderate
2026-07-30T08:30:00Z,2026-07-30T09:00:00Z,107,99,moderate
2026-07-30T09:00:00Z,2026-07-30T09:30:00Z,82,98,moderate
2026-07-30T09:30:00Z,2026-07-30T10:00:00Z,78,92,moderate
2026-07-30T10:00:00Z,2026-07-30T10:30:00Z,85,92,moderate
2026-07-30T10:30:00Z,2026-07-30T11:00:00Z,81,93,moderate
2026-07-30T11:00:00Z,2026-07-30T11:30:00Z,81,91,moderate
2026-07-30T11:30:00Z,2026-07-30T12:00:00Z,72,88,low
2026-07-30T12:00:00Z,2026-07-30T12:30:00Z,84,89,low
2026-07-30T12:30:00Z,2026-07-30T13:00:00Z,79,92,moderate
2026-07-30T13:00:00Z,2026-07-30T13:30:00Z,82,95,moderate
2026-07-30T13:30:00Z,2026-07-30T14:00:00Z,82,92,moderate
2026-07-30T14:00:00Z,2026-07-30T14:30:00Z,85,98,moderate
2026-07-30T14:30:00Z,2026-07-30T15:00:00Z,83,107,moderate
2026-07-30T15:00:00Z,2026-07-30T15:30:00Z,94,121,moderate
2026-07-30T15:30:00Z,2026-07-30T16:00:00Z,97,135,moderate
2026-07-30T16:00:00Z,2026-07-30T16:30:00Z,144,150,moderate
2026-07-30T16:30:00Z,2026-07-30T17:00:00Z,166,165,moderate
2026-07-30T17:00:00Z,2026-07-30T17:30:00Z,162,171,high
2026-07-30T17:30:00Z,2026-07-30T18:00:00Z,178,183,high
2026-07-30T18:00:00Z,2026-07-30T18:30:00Z,180,189,high
2026-07-30T18:30:00Z,2026-07-30T19:00:00Z,194,192,high
2026-07-30T19:00:00Z,2026-07-30T19:30:00Z,200,196,high
2026-07-30T19:30:00Z,2026-07-30T20:00:00Z,206,192,high
2026-07-30T20:00:00Z,2026-07-30T20:30:00Z,205,195,high
2026-07-30T20:30:00Z,2026-07-30T21:00:00Z,206,195,high
2026-07-30T21:00:00Z,2026-07-30T21:30:00Z,191,191,high
2026-07-30T21:30:00Z,2026-07-30T22:00:00Z,188,194,high
2026-07-30T22:00:00Z,2026-07-30T22:30:00Z,188,194,high
2026-07-30T22:30:00Z,2026-07-30T23:00:00Z,182,194,high
2026-07-30T23:00:00Z,2026-07-30T23:30:00Z,174,193,high
2026-07-30T23:30:00Z,2026-07-31T00:00:00Z,168,190,high
